<?xml version='1.0'?>
<home version='7400' exportFlags='17' name='Hillsboro71.sh3d' camera='observerCamera' wallHeight='243.84'>
  <environment groundColor='00A8A8A8' skyColor='00CCE4FC' lightColor='00D0D0D0'>
    <texture attribute='groundTexture' name='Grass' creator='eTeks' catalogId='eTeks#grass' width='30.0' height='30.0' image='1'/>
  </environment>
  <observerCamera attribute='observerCamera' lens='PINHOLE' x='1407.8029' y='-36.549255' z='144.78' yaw='9.565116' pitch='-0.0073630717' fieldOfView='1.0995575' time='1717329600000'/>
  <camera attribute='topCamera' lens='PINHOLE' x='1822.4492' y='-569.28394' z='1379.9867' yaw='20.14657' pitch='0.86579734' fieldOfView='1.0995575' time='1717329600000'/>
  <furnitureGroup name='windowDoor' x='791.86676' y='-279.86115' angle='1.5707964' width='567.49677' depth='1590.0409' height='220.98' movable='false'>
    <doorOrWindow catalogId='eTeks#doubleHungWindow80x122' name='Double-hung window' creator='eTeks' model='3' x='1582.8223' y='-221.68219' elevation='91.44' angle='1.5707964' width='81.28' depth='8.1297655' height='127.9525' modelSize='3457' movable='false' cutOutShape='M0,0 v1 h1 v-1 z' wallCutOutOnBothSides='true'/>
    <doorOrWindow catalogId='eTeks#doubleWindow126x123' name='Double small window' creator='eTeks' model='5' x='1572.1473' y='-476.2005' elevation='86.994995' angle='4.7171226' width='132.08' depth='10.452342' height='133.985' modelSize='13503' movable='false' cutOutShape='M0,0 v1 h1 v-1 z' wallCutOutOnBothSides='true'/>
    <doorOrWindow catalogId='eTeks#frontDoor' name='Front door' creator='eTeks' model='7' x='533.29083' y='-400.18497' width='101.6' depth='9.737416' height='208.5975' modelSize='24179' movable='false' cutOutShape='M0,0 v1 h1 v-1 z' wallCutOutOnBothSides='true'/>
    <doorOrWindow catalogId='eTeks#doubleHungWindow80x122' name='Double-hung window' creator='eTeks' model='3' x='1582.8223' y='-136.84662' elevation='91.44' angle='1.5707964' width='81.28' depth='8.1297655' height='127.9525' modelSize='3457' movable='false' cutOutShape='M0,0 v1 h1 v-1 z' wallCutOutOnBothSides='true'/>
    <doorOrWindow catalogId='eTeks#doubleWindow126x123' name='Double small window' creator='eTeks' model='5' x='1217.762' y='-474.8551' elevation='86.994995' angle='1.5755299' width='132.08' depth='10.452342' height='133.985' modelSize='13503' movable='false' cutOutShape='M0,0 v1 h1 v-1 z' wallCutOutOnBothSides='true'/>
    <doorOrWindow catalogId='eTeks#doubleWindow126x123' name='Double small window' creator='eTeks' model='5' x='1004.8688' y='-476.9145' elevation='86.994995' angle='1.567993' width='132.08' depth='10.452342' height='133.985' modelSize='13503' movable='false' cutOutShape='M0,0 v1 h1 v-1 z' wallCutOutOnBothSides='true'/>
    <doorOrWindow catalogId='eTeks#doubleWindow126x163' name='Double window' creator='eTeks' model='9' x='816.2843' y='-558.3833' elevation='91.44' width='243.84' depth='10.452342' height='106.68' modelSize='13650' movable='false' cutOutShape='M0,0 v1 h1 v-1 z' wallCutOutOnBothSides='true'/>
    <doorOrWindow catalogId='eTeks#doubleWindow126x163' name='Double window' creator='eTeks' model='9' x='1390.9578' y='-556.6127' elevation='91.44' angle='0.0016856194' width='243.84' depth='10.452342' height='106.68' modelSize='13650' movable='false' cutOutShape='M0,0 v1 h1 v-1 z' wallCutOutOnBothSides='true'/>
    <doorOrWindow catalogId='eTeks#doubleHungWindow80x122' name='Double-hung window' creator='eTeks' model='3' x='1116.247' y='-401.8041' elevation='91.44' angle='3.138802' width='106.68' depth='8.1297655' height='127.9525' modelSize='3457' movable='false' cutOutShape='M0,0 v1 h1 v-1 z' wallCutOutOnBothSides='true'/>
    <doorOrWindow catalogId='eTeks#frontDoor' name='Front door' creator='eTeks' model='7' x='1194.6244' y='-0.9816284' angle='3.1415925' width='101.6' depth='9.737416' height='208.5975' modelMirrored='true' modelSize='24179' movable='false' cutOutShape='M0,0 v1 h1 v-1 z' wallCutOutOnBothSides='true'/>
    <doorOrWindow catalogId='eTeks#doubleWindow126x123' name='Double small window' creator='eTeks' model='5' x='693.7721' y='-1.3390503' elevation='86.994995' angle='3.1415925' width='132.08' depth='10.452342' height='133.985' modelSize='13503' movable='false' cutOutShape='M0,0 v1 h1 v-1 z' wallCutOutOnBothSides='true'/>
    <doorOrWindow catalogId='eTeks#doubleWindow126x123' name='Double small window' creator='eTeks' model='5' x='1405.7728' y='-1.3390808' elevation='86.994995' angle='3.1415925' width='132.08' depth='10.452342' height='133.985' modelSize='13503' movable='false' cutOutShape='M0,0 v1 h1 v-1 z' wallCutOutOnBothSides='true'/>
    <doorOrWindow catalogId='eTeks#doubleWindow126x123' name='Double small window' creator='eTeks' model='5' x='187.1059' y='-399.82748' elevation='86.994995' width='132.08' depth='10.452342' height='133.985' modelSize='13503' movable='false' cutOutShape='M0,0 v1 h1 v-1 z' wallCutOutOnBothSides='true'/>
    <doorOrWindow catalogId='eTeks#doubleWindow126x123' name='Double small window' creator='eTeks' model='5' x='2.0724487' y='-222.88892' elevation='86.994995' angle='4.712389' width='132.08' depth='10.452342' height='133.985' modelSize='13503' movable='false' cutOutShape='M0,0 v1 h1 v-1 z' wallCutOutOnBothSides='true'/>
    <doorOrWindow catalogId='eTeks#doubleWindow126x123' name='Double small window' creator='eTeks' model='5' x='975.10596' y='-1.3390503' elevation='121.92' angle='3.1415925' width='76.2' depth='10.452342' height='45.72' modelSize='13503' movable='false' cutOutShape='M0,0 v1 h1 v-1 z' wallCutOutOnBothSides='true'/>
    <doorOrWindow catalogId='eTeks#doubleWindow126x123' name='Double small window' creator='eTeks' model='5' x='444.43918' y='-1.3389587' elevation='121.92' angle='3.1415925' width='76.2' depth='10.452342' height='45.72' modelSize='13503' movable='false' cutOutShape='M0,0 v1 h1 v-1 z' wallCutOutOnBothSides='true'/>
  </furnitureGroup>
  <doorOrWindow catalogId='eTeks#doorFrame' name='Door frame' creator='eTeks' model='11' x='674.6714' y='-288.1978' angle='3.135304' width='91.44' depth='9.678149' height='208.28' modelSize='1281' movable='false' cutOutShape='M0,0 v1 h1 v-1 z' wallCutOutOnBothSides='true'/>
  <doorOrWindow catalogId='eTeks#doorFrame' name='Door frame' creator='eTeks' model='11' x='438.18658' y='-289.0674' angle='3.1415927' width='91.44' depth='9.678149' height='208.28' modelSize='1281' movable='false' cutOutShape='M0,0 v1 h1 v-1 z' wallCutOutOnBothSides='true'/>
  <pieceOfFurniture catalogId='eTeks#texturableBox' name='Box' creator='eTeks' model='13/texturableBox.obj' x='445.15448' y='-144.52834' width='162.56' depth='279.4' height='1.27' modelSize='1661' movable='false'>
    <texture name='little-stones-bathroom' width='121.92' height='121.92' image='14'/>
  </pieceOfFurniture>
  <pieceOfFurniture catalogId='eTeks#texturableBox' name='checkeredRug' creator='eTeks' model='13/texturableBox.obj' x='1190.1868' y='-46.666626' width='91.44' depth='60.96' height='1.27' modelSize='1661'>
    <texture name='bathroomRug' width='91.44' height='49.291878' image='15'/>
  </pieceOfFurniture>
  <pieceOfFurniture catalogId='eTeks#fridge' name='Fridge' creator='eTeks' model='17' x='1007.0247' y='-187.75946' angle='4.712389' width='59.69' depth='66.04' height='85.09' modelSize='13397'/>
  <pieceOfFurniture catalogId='eTeks#fridgeFreezer' name='Fridge &amp; Freezer' creator='eTeks' model='19' x='849.7262' y='-248.4704' angle='4.712389' width='59.69' depth='66.04' height='185.42' heightInPlan='185.41998' modelSize='26363'/>
  <pieceOfFurniture catalogId='eTeks#clothesWasher' name='Clothes washer' creator='eTeks' model='21' x='390.98917' y='-245.64206' elevation='1.27' angle='4.712389' width='59.69' depth='62.864998' height='85.09' modelSize='24815'/>
  <pieceOfFurniture catalogId='eTeks#sink' name='Sink' creator='eTeks' model='23' x='964.4744' y='-35.483253' angle='3.1415925' width='120.015' depth='63.5' height='106.045' modelSize='41849' movable='false'/>
  <pieceOfFurniture catalogId='eTeks#cooker' name='Cooker' creator='eTeks' model='25' x='847.1166' y='-128.41083' angle='4.7170916' width='59.69' depth='62.23' height='85.09' modelSize='42013'/>
  <furnitureGroup name='cabinet set' x='848.19006' y='-188.3636' angle='4.7170916' width='60.22435' depth='63.78003' height='231.14' movable='false'>
    <pieceOfFurniture catalogId='eTeks#kitchenCabinet' name='Kitchen cabinet' creator='eTeks' model='27' x='848.1896' y='-188.24539' angle='4.712389' width='59.69' depth='63.5' height='85.09' modelSize='11366' movable='false'/>
    <pieceOfFurniture catalogId='eTeks#kitchenUpperCabinet' name='Kitchen upper cabinet' creator='eTeks' model='29' x='836.3032' y='-188.5279' elevation='145.0975' angle='4.7170916' width='60.0075' depth='40.005' height='86.042496' modelSize='11850'/>
  </furnitureGroup>
  <pieceOfFurniture catalogId='eTeks#kitchenUpperCabinet' name='Kitchen upper cabinet' creator='eTeks' model='29' x='835.8909' y='-74.41025' elevation='145.0975' angle='4.712389' width='60.0075' depth='40.005' height='86.042496' modelSize='11850'/>
  <pieceOfFurniture catalogId='eTeks#kitchenCabinet' name='Kitchen cabinet' creator='eTeks' model='27' x='874.62195' y='-35.48325' angle='3.1415927' width='59.69' depth='63.5' height='85.09' modelSize='11366' movable='false'/>
  <pieceOfFurniture catalogId='eTeks#wardrobe' name='Wardrobe' creator='eTeks' model='31' x='781.6582' y='-234.82555' angle='1.5707964' width='100.33' depth='53.975' height='165.09999' modelSize='23218'/>
  <pieceOfFurniture catalogId='eTeks#slidingDoors' name='Sliding doors' creator='eTeks' model='33' x='94.0' y='-71.67706' angle='3.1415927' width='152.4' depth='7.62' height='243.84' modelSize='6835' movable='false'/>
  <pieceOfFurniture catalogId='eTeks#fittedBath' name='Fitted bath' creator='eTeks' model='35' x='440.83667' y='-44.048668' elevation='1.27' angle='3.1415925' width='162.56' depth='76.2' height='71.119995' modelRotation='0 0 -1 0 1 0 1 0 0' modelSize='87663' movable='false'/>
  <pieceOfFurniture catalogId='eTeks#kitchenUpperCabinet' name='Kitchen upper cabinet' creator='eTeks' model='29' x='379.55917' y='-254.22458' elevation='145.0975' angle='4.712389' width='60.0075' depth='40.005' height='86.042496' modelSize='11850'/>
  <pieceOfFurniture catalogId='eTeks#kitchenUpperCabinet' name='Kitchen upper cabinet' creator='eTeks' model='29' x='379.55917' y='-194.21707' elevation='145.0975' angle='4.712389' width='60.0075' depth='40.005' height='86.042496' modelSize='11850'/>
  <pieceOfFurniture catalogId='eTeks#washbasinWithCabinet' name='Washbasin with cabinet' creator='eTeks' model='37' x='548.0244' y='-159.1286' elevation='1.27' angle='1.5707964' width='113.03' widthInPlan='113.02998' depth='43.18' depthInPlan='43.180008' height='96.52' heightInPlan='96.51999' modelSize='66142' movable='false'/>
  <pieceOfFurniture catalogId='eTeks#toiletUnit' name='Toilet unit' creator='eTeks' model='39' x='399.56168' y='-102.151184' elevation='1.27' angle='4.712389' width='40.005' depth='80.01' height='62.23' modelSize='125874' movable='false'/>
  <pieceOfFurniture catalogId='eTeks#slidingDoors' name='Sliding doors' creator='eTeks' model='33' x='572.4094' y='-51.56303' angle='4.712389' width='90.17' widthInPlan='90.17001' depth='6.35' height='243.84' modelSize='6835' movable='false'/>
  <pieceOfFurniture catalogId='eTeks#texturableCylinder' name='Cylinder' creator='eTeks' model='41/texturableCylinder.obj' x='560.7244' y='-254.91582' width='53.34' widthInPlan='53.340004' depth='57.149998' height='152.4' modelSize='6600'/>
  <wall id='wall-57ce6b94-025a-46f1-9599-22529e80c937' wallAtStart='wall-d760e13e-39ec-4ca7-8b8f-e58fd8310504' wallAtEnd='wall-69b7cb85-c90c-4633-9ea8-1bb9f0feacee' xStart='0.65667486' yStart='-401.2433' xEnd='658.51666' yEnd='-401.2433' height='243.84' thickness='7.62' pattern='hatchUp'/>
  <wall id='wall-69b7cb85-c90c-4633-9ea8-1bb9f0feacee' wallAtStart='wall-57ce6b94-025a-46f1-9599-22529e80c937' wallAtEnd='wall-4bf999cd-41f9-41f3-ba72-2e0288e9b11a' xStart='658.51666' yStart='-401.2433' xEnd='658.0722' yEnd='-559.7988' height='243.84' thickness='7.62' pattern='hatchUp'/>
  <wall id='wall-4bf999cd-41f9-41f3-ba72-2e0288e9b11a' wallAtStart='wall-69b7cb85-c90c-4633-9ea8-1bb9f0feacee' wallAtEnd='wall-2d6ee920-b329-4d48-af25-07b004798a79' xStart='658.0722' yStart='-559.7988' xEnd='1006.0522' yEnd='-559.7988' height='243.84' thickness='7.62' pattern='hatchUp'/>
  <wall id='wall-2d6ee920-b329-4d48-af25-07b004798a79' wallAtStart='wall-4bf999cd-41f9-41f3-ba72-2e0288e9b11a' wallAtEnd='wall-1d73f5aa-1b4b-4fd6-bca7-6a01e703d0d9' xStart='1006.0522' yStart='-559.7988' xEnd='1006.49664' yEnd='-401.2433' height='243.84' thickness='7.62' pattern='hatchUp'/>
  <wall id='wall-1d73f5aa-1b4b-4fd6-bca7-6a01e703d0d9' wallAtStart='wall-2d6ee920-b329-4d48-af25-07b004798a79' wallAtEnd='wall-b91d8ac2-58cb-43e3-b9c8-d6c24c51bf24' xStart='1006.49664' yStart='-401.2433' xEnd='1218.8322' yEnd='-401.83588' height='243.84' thickness='7.62' pattern='hatchUp'/>
  <wall id='wall-b91d8ac2-58cb-43e3-b9c8-d6c24c51bf24' wallAtStart='wall-1d73f5aa-1b4b-4fd6-bca7-6a01e703d0d9' wallAtEnd='wall-f802ade5-520f-4f10-82f6-1a81cef40cbb' xStart='1218.8322' yStart='-401.83588' xEnd='1219.5729' yEnd='-558.3174' height='243.84' thickness='7.62' pattern='hatchUp'/>
  <wall id='wall-f802ade5-520f-4f10-82f6-1a81cef40cbb' wallAtStart='wall-b91d8ac2-58cb-43e3-b9c8-d6c24c51bf24' wallAtEnd='wall-a5c659d4-8406-4069-82ce-c3c61a261f05' xStart='1219.5729' yStart='-558.3174' xEnd='1571.1174' yEnd='-557.7248' height='243.84' thickness='7.62' pattern='hatchUp'/>
  <wall id='wall-a5c659d4-8406-4069-82ce-c3c61a261f05' wallAtStart='wall-f802ade5-520f-4f10-82f6-1a81cef40cbb' wallAtEnd='wall-ee60774a-8850-4560-a16c-34ec5a5082ff' xStart='1571.1174' yStart='-557.7248' xEnd='1570.3767' yEnd='-401.2433' height='243.84' thickness='7.62' pattern='hatchUp'/>
  <wall id='wall-ee60774a-8850-4560-a16c-34ec5a5082ff' wallAtStart='wall-a5c659d4-8406-4069-82ce-c3c61a261f05' wallAtEnd='wall-c294690c-92c7-4209-b48d-2fc9b5d84859' xStart='1570.3767' yStart='-401.2433' xEnd='1583.0767' yEnd='-401.2433' height='243.84' thickness='7.62' pattern='hatchUp'/>
  <wall id='wall-c294690c-92c7-4209-b48d-2fc9b5d84859' wallAtStart='wall-ee60774a-8850-4560-a16c-34ec5a5082ff' wallAtEnd='wall-d06802b4-974e-4b8a-a015-e1a183f130e4' xStart='1583.0767' yStart='-401.2433' xEnd='1583.0767' yEnd='0.07669272' height='243.84' thickness='7.62' pattern='hatchUp'/>
  <wall id='wall-d06802b4-974e-4b8a-a015-e1a183f130e4' wallAtStart='wall-c294690c-92c7-4209-b48d-2fc9b5d84859' wallAtEnd='wall-d760e13e-39ec-4ca7-8b8f-e58fd8310504' xStart='1583.0767' yStart='0.07669272' xEnd='0.65667486' yEnd='0.07683095' height='243.84' thickness='7.62' pattern='hatchUp'/>
  <wall id='wall-d760e13e-39ec-4ca7-8b8f-e58fd8310504' wallAtStart='wall-d06802b4-974e-4b8a-a015-e1a183f130e4' wallAtEnd='wall-57ce6b94-025a-46f1-9599-22529e80c937' xStart='0.65667486' yStart='0.07683095' xEnd='0.65667486' yEnd='-401.2433' height='243.84' thickness='7.62' pattern='hatchUp'/>
  <wall id='wall-213d7e16-31e7-46f9-93f2-2d9224a1c60f' wallAtEnd='wall-cb78f84d-871d-489a-bb26-b8c2377e0541' xStart='530.24445' yStart='-219.96695' xEnd='530.24445' yEnd='-287.27695' height='243.84' thickness='7.62' pattern='hatchUp'/>
  <wall id='wall-cb78f84d-871d-489a-bb26-b8c2377e0541' wallAtStart='wall-213d7e16-31e7-46f9-93f2-2d9224a1c60f' wallAtEnd='wall-cd6e53db-9ef7-4d9b-aeca-382c3c328288' xStart='530.24445' yStart='-287.27695' xEnd='812.94666' yEnd='-289.05478' height='243.84' thickness='7.62' pattern='hatchUp'/>
  <wall id='wall-cd6e53db-9ef7-4d9b-aeca-382c3c328288' wallAtStart='wall-cb78f84d-871d-489a-bb26-b8c2377e0541' xStart='812.94666' yStart='-289.05478' xEnd='811.61334' yEnd='-5.528137' height='243.84' thickness='7.62' pattern='hatchUp'>
    <texture attribute='leftSideTexture' name='little-browns-kitchen-wall-tilesLt' width='60.96' height='60.96' image='43'/>
  </wall>
  <wall id='wall-09c11b0f-d2c2-4809-88cb-a41d1e4a89e1' wallAtEnd='wall-1657f4e1-8cc9-4805-a706-9445defdeec5' xStart='528.4667' yStart='-289.05478' xEnd='355.74667' yEnd='-289.05478' height='243.84' thickness='7.62' pattern='hatchUp'/>
  <wall id='wall-1657f4e1-8cc9-4805-a706-9445defdeec5' wallAtStart='wall-09c11b0f-d2c2-4809-88cb-a41d1e4a89e1' xStart='355.74667' yStart='-289.05478' xEnd='355.74667' yEnd='-5.528137' height='243.84' thickness='7.62' pattern='hatchUp'/>
  <wall id='wall-6536ccc0-b046-4bd1-82b8-ba8e19f9c482' wallAtEnd='wall-6a1261c1-5c13-4191-b1be-bb54d856b288' xStart='171.13335' yStart='-71.48706' xEnd='234.63335' yEnd='-71.48706' height='243.84' thickness='7.62' pattern='hatchUp'/>
  <wall id='wall-6a1261c1-5c13-4191-b1be-bb54d856b288' wallAtStart='wall-6536ccc0-b046-4bd1-82b8-ba8e19f9c482' xStart='234.63335' yStart='-71.48706' xEnd='234.63335' yEnd='-5.528137' height='243.84' thickness='7.62' pattern='hatchUp'/>
  <wall id='wall-63ef1ba7-550b-4366-8d6c-157a39de58f2' wallAtEnd='wall-6645d710-8cca-4772-8053-4514df608442' xStart='528.4667' yStart='-219.45358' xEnd='573.42444' yEnd='-219.45358' height='243.84' thickness='7.62' pattern='hatchUp'/>
  <wall id='wall-6645d710-8cca-4772-8053-4514df608442' wallAtStart='wall-63ef1ba7-550b-4366-8d6c-157a39de58f2' wallAtEnd='wall-c70ad626-37e9-4d10-b4dd-5e9735b031cf' xStart='573.42444' yStart='-219.45358' xEnd='573.42444' yEnd='-100.45804' height='243.84' thickness='7.62' pattern='hatchUp'/>
  <wall id='wall-c70ad626-37e9-4d10-b4dd-5e9735b031cf' wallAtStart='wall-6645d710-8cca-4772-8053-4514df608442' wallAtEnd='wall-c92ec81c-3ba7-4ebc-9971-8cbe453008ee' xStart='573.42444' yStart='-100.45804' xEnd='523.8944' yEnd='-100.45804' height='243.84' thickness='7.62' pattern='hatchUp'/>
  <wall id='wall-c92ec81c-3ba7-4ebc-9971-8cbe453008ee' wallAtStart='wall-c70ad626-37e9-4d10-b4dd-5e9735b031cf' xStart='523.8944' yStart='-100.45804' xEnd='523.8944' yEnd='0.07683095' height='243.84' thickness='7.62' pattern='hatchUp'/>
  <room id='room-83d4ec65-e8ed-494b-8d18-93c7a5ffe359' areaVisible='true' ceilingVisible='false' ceilingFlat='true'>
    <texture attribute='floorTexture' name='old-grey-parquet' width='243.84' height='243.84' image='42'/>
    <point x='4.466675' y='-397.4333'/>
    <point x='662.32666' y='-397.4333'/>
    <point x='661.89294' y='-555.9844'/>
    <point x='1002.2528' y='-555.98883'/>
    <point x='1002.68665' y='-397.4333'/>
    <point x='1222.6243' y='-397.4333'/>
    <point x='1223.365' y='-554.5'/>
    <point x='1567.2896' y='-554.5'/>
    <point x='1566.5667' y='-397.4333'/>
    <point x='1579.2666' y='-397.4333'/>
    <point x='1579.2666' y='-3.733307'/>
    <point x='4.466675' y='-3.7331696'/>
    <point x='4.466675' y='-397.4333'/>
  </room>
</home>