<?xml version='1.0'?>
<home version='7400' exportFlags='17' name='justMyFurniture_still.sh3d' camera='topCamera' wallHeight='182.88'>
  <environment groundColor='00A8A8A8' skyColor='FF575757' lightColor='00D0D0D0'>
    <observerCamera attribute='cameraPath' id='observerCamera-96763606-f782-4ae0-b988-cb3dff50612f' lens='PINHOLE' x='184.87967' y='226.97983' z='144.78' yaw='4.713976' pitch='0.09920367' fieldOfView='1.0995575' time='1512129600882'/>
    <observerCamera attribute='cameraPath' id='observerCamera-48f87204-f604-4da3-9bc2-514276ea472c' lens='PINHOLE' x='402.213' y='236.31314' z='144.78' yaw='4.713976' pitch='0.09920367' fieldOfView='1.0995575' time='1512129600882'/>
    <observerCamera attribute='cameraPath' id='observerCamera-927371dd-c33f-4e13-94b7-581d94a94054' lens='PINHOLE' x='330.213' y='334.9798' z='144.78' yaw='6.3176556' pitch='-0.09420357' fieldOfView='1.0995575' time='1512129600882'/>
    <observerCamera attribute='cameraPath' id='observerCamera-243be17a-fb9f-4f45-bdc8-8c506260f03e' lens='PINHOLE' x='324.87964' y='428.31317' z='144.78' yaw='4.7119536' pitch='-0.09420357' fieldOfView='1.0995575' time='1512129600882'/>
    <observerCamera attribute='cameraPath' id='observerCamera-de72ee28-4f89-449c-aa6d-babecbe432ca' lens='PINHOLE' x='420.87964' y='412.31317' z='144.78' yaw='4.7119536' pitch='-0.09420357' fieldOfView='1.0995575' time='1512129600882'/>
    <observerCamera attribute='cameraPath' id='observerCamera-d60bbd16-e749-4640-a124-1e0f3763f37b' lens='PINHOLE' x='374.21295' y='324.31317' z='144.78' yaw='3.9942105' pitch='-0.09420357' fieldOfView='1.0995575' time='1512129600882'/>
    <observerCamera attribute='cameraPath' id='observerCamera-88a706a8-07c9-4a40-854c-4f2084edaccb' lens='PINHOLE' x='558.21295' y='264.31317' z='144.78' yaw='3.1438153' pitch='-0.09420357' fieldOfView='1.0995575' time='1512129600882'/>
    <observerCamera attribute='cameraPath' id='observerCamera-94f590e3-a163-4271-9e10-9d9276ac6bcd' lens='PINHOLE' x='567.5463' y='204.31317' z='144.78' yaw='1.93984' pitch='-0.09420357' fieldOfView='1.0995575' time='1512129600882'/>
    <observerCamera attribute='cameraPath' id='observerCamera-ad5402c3-85f0-4a9c-8951-6777ae1efba2' lens='PINHOLE' x='456.87964' y='98.97986' z='144.78' yaw='4.9891477' pitch='-0.09420357' fieldOfView='1.0995575' time='1512129600882'/>
    <observerCamera attribute='cameraPath' id='observerCamera-ea7170c2-58c1-4889-9adc-1b7fa000cbcd' lens='PINHOLE' x='688.87964' y='158.97986' z='144.78' yaw='7.3062763' pitch='-0.09420357' fieldOfView='1.0995575' time='1512129600882'/>
    <observerCamera attribute='cameraPath' id='observerCamera-9935769b-da22-4a83-a41a-d3a06f09658b' lens='PINHOLE' x='584.87964' y='324.31317' z='144.78' yaw='8.823696' pitch='-0.09420357' fieldOfView='1.0995575' time='1512129600882'/>
    <observerCamera attribute='cameraPath' id='observerCamera-2af9cb38-4286-4934-85df-516def33cd3a' lens='PINHOLE' x='584.87964' y='396.31317' z='144.78' yaw='8.567813' pitch='-0.09420357' fieldOfView='1.0995575' time='1512129600882'/>
    <observerCamera attribute='cameraPath' id='observerCamera-2b4eb1db-3358-4148-b55a-43ffbd6487af' lens='PINHOLE' x='579.5463' y='442.9798' z='144.78' yaw='9.398078' pitch='-0.09420357' fieldOfView='1.0995575' time='1512129600882'/>
    <texture attribute='groundTexture' name='White marble' catalogId='eTeksScopia#white-marble' width='40.0' height='40.0' image='0'/>
  </environment>
  <observerCamera attribute='observerCamera' lens='PINHOLE' x='447.12134' y='347.1087' z='144.78' yaw='19.97176' pitch='0.73230267' fieldOfView='1.0995575' time='1512129600882'/>
  <camera attribute='topCamera' lens='PINHOLE' x='-418.14777' y='1816.1741' z='595.0465' yaw='-15.106052' pitch='0.22499987' fieldOfView='1.0995575' time='1512129600840'/>
  <pieceOfFurniture catalogId='eTeks#loftBed140x190' name='Loft double bed' creator='eTeks' model='2' x='117.36685' y='47.773468' angle='3.1415927' width='152.4' depth='182.88' height='180.34' modelSize='288684'>
    <texture name='purpleSpatter' width='243.84' height='245.30891' image='3'/>
  </pieceOfFurniture>
  <pieceOfFurniture name='flatscreen' model='5/model.dae' x='734.71655' y='-131.74136' elevation='72.39' angle='2.8797934' width='13.0175' depth='99.06' height='71.119995' modelSize='222825'/>
  <pieceOfFurniture catalogId='Kator Legaz#futon-couch' name='Futon couch' creator='Kator Legaz' model='7/futon-couch.obj' x='102.96362' y='248.83774' angle='4.9741883' width='138.1125' depth='63.1825' height='61.9125' modelSize='150520'>
    <texture name='blueSpatter' width='242.37988' height='243.84' image='8'/>
  </pieceOfFurniture>
  <pieceOfFurniture catalogId='Infernal-quack#tableCuisine' name='Table' creator='Infernal-quack' model='10' x='609.8319' y='56.423706' width='116.84' depth='38.1' height='91.44' modelRotation='0 0 -1 0 1 0 1 0 0' modelCenteredAtOrigin='false' modelSize='357550'>
    <material name='lighttannew'>
      <texture name='copperPatina' width='249.86073' height='243.84' image='11'/>
    </material>
    <material name='silver'>
      <texture name='0033-copper-metal-texture-seamless' width='20.32' height='20.32' image='12'/>
    </material>
  </pieceOfFurniture>
  <pieceOfFurniture catalogId='eTeks#texturableBox' name='jaganath' creator='eTeks' model='14/texturableBox.obj' x='1214.3867' y='213.72' elevation='182.88' angle='1.5707964' width='45.72' depth='1.27' height='91.44' modelSize='1661'>
    <texture name='jagannath2' width='45.72' height='91.084206' image='15'/>
  </pieceOfFurniture>
  <pieceOfFurniture catalogId='eTeks#texturableBox' name='blueMandala tapestry' creator='eTeks' model='14/texturableBox.obj' x='1028.3867' y='-117.47244' elevation='134.62' width='149.86' depth='1.27' height='129.54' modelSize='1661'>
    <texture name='mandalaTapestry' width='149.86' height='127.985' image='16'/>
  </pieceOfFurniture>
  <pieceOfFurniture catalogId='eTeks#texturableBox' name='Krishna tapestry' creator='eTeks' model='14/texturableBox.obj' x='833.8845' y='-89.539246' elevation='182.88' angle='0.6981317' width='76.2' depth='1.27' height='99.06' modelSize='1661'>
    <texture name='Krishna' width='76.2' height='98.539764' image='17'/>
  </pieceOfFurniture>
  <pieceOfFurniture catalogId='eTeks#texturableBox' name='Ganesh tapestry' creator='eTeks' model='14/texturableBox.obj' x='1282.669' y='42.831116' elevation='182.88' angle='3.926991' width='76.2' depth='1.27' height='101.6' modelSize='1661'>
    <texture name='Ganesh' width='76.2' height='100.95696' image='18'/>
  </pieceOfFurniture>
  <pieceOfFurniture catalogId='Blend Swap CC-0#technicalTable1' name='work table' creator='Redsymbzone' model='20/technicalTable1.obj' x='548.3274' y='201.75378' elevation='1.27' angle='4.4505897' width='154.94' depth='45.72' height='55.879997' modelSize='32837'>
    <material name='Kanter'>
      <texture name='0033-copper-metal-texture-seamless' width='20.32' height='20.32' image='12'/>
    </material>
    <material name='Material.007'>
      <texture name='turquoisePurpleTile' width='91.44' height='91.440025' image='21'/>
    </material>
    <material name='Material.015'>
      <texture name='0033-copper-metal-texture-seamless' width='20.32' height='20.32' image='12'/>
    </material>
    <material name='Material.022'>
      <texture name='0033-copper-metal-texture-seamless' width='20.32' height='20.32' image='12'/>
    </material>
    <material name='Plast2'>
      <texture name='0033-copper-metal-texture-seamless' width='20.32' height='20.32' image='12'/>
    </material>
    <material name='Plast2.001'>
      <texture name='0033-copper-metal-texture-seamless' width='20.32' height='20.32' image='12'/>
    </material>
  </pieceOfFurniture>
  <pieceOfFurniture catalogId='Blend Swap CC-0#technicalTable1' name='tv table' creator='Redsymbzone' model='20/technicalTable1.obj' x='1215.3953' y='-0.24621582' elevation='1.27' angle='4.4505897' width='167.64' depth='45.72' height='71.119995' color='FF000016' modelSize='32837'/>
  <pieceOfFurniture catalogId='eTeks#table' name='cat Table' creator='eTeks' model='23' x='200.39551' y='390.7988' angle='0.6981317' width='91.44' depth='45.72' height='73.9775' color='FF000016' modelSize='5486'/>
  <pieceOfFurniture catalogId='Blend Swap CC-0#verticalShelves' name='spice rack' creator='jclevet.net' model='25/verticalShelves.obj' x='621.0' y='408.86258' angle='1.5707964' width='30.48' depth='20.32' height='152.4' modelSize='48129'>
    <texture name='spiceRackWood' width='20.32' height='20.32' image='26'/>
  </pieceOfFurniture>
  <pieceOfFurniture catalogId='eTeks#roundTable' name='Round table' creator='eTeks' model='28' x='803.05334' y='211.59813' elevation='1.27' width='125.729996' depth='125.729996' height='91.44' modelSize='8110'>
    <texture name='wood' width='91.44' height='182.88' image='29'/>
  </pieceOfFurniture>
  <pieceOfFurniture catalogId='eTeks#stool' name='Stool' creator='eTeks' model='31' x='692.8359' y='260.3563' elevation='1.27' width='40.005' depth='40.005' height='45.72' modelSize='19756'>
    <material name='amber' color='FFC6004F'/>
    <material name='dkgrey'>
      <texture name='wood' width='91.44' height='182.88' image='29'/>
    </material>
  </pieceOfFurniture>
  <pieceOfFurniture catalogId='eTeks#stool' name='Stool' creator='eTeks' model='31' x='656.8359' y='333.6896' elevation='1.27' width='40.005' depth='40.005' height='45.72' modelSize='19756'>
    <material name='amber' color='FFC6004F'/>
    <material name='dkgrey'>
      <texture name='wood' width='91.44' height='182.88' image='29'/>
    </material>
  </pieceOfFurniture>
  <pieceOfFurniture name='rideau rt' model='33/rideau.obj' x='1149.2554' y='-130.29797' elevation='60.96' angle='6.021386' width='68.8975' depth='10.16' height='243.84' modelSize='42843'>
    <texture name='tiedyeCurtain_75' width='137.16' height='192.27646' image='34'/>
  </pieceOfFurniture>
  <pieceOfFurniture name='rideau lft' model='33/rideau.obj' x='905.0332' y='-110.39215' elevation='60.96' angle='6.021386' width='68.8975' depth='10.16' height='243.84' modelRotation='-1 0 0 0 1 0 0 0 -1' modelSize='42843'>
    <texture name='tiedyeCurtain_75' width='137.16' height='192.27646' image='34'/>
  </pieceOfFurniture>
  <pieceOfFurniture catalogId='eTeks#texturableCylinder' name='blackPouf' creator='eTeks' model='37/texturableCylinder.obj' x='786.7444' y='486.0114' elevation='1.27' width='55.879997' depth='55.879997' height='35.559998' modelSize='6600'>
    <material name='cylinder'>
      <texture name='indianFloorPillowblk_texture2' width='10.16' height='5.319059' image='38'/>
    </material>
    <material name='top'>
      <texture name='indianFloorPillowblk' width='55.879997' height='53.969574' image='39'/>
    </material>
  </pieceOfFurniture>
  <pieceOfFurniture name='little_lamp1' model='41/little_lamp1.obj' x='1193.6323' y='-51.04036' elevation='92.71' width='48.26' depth='48.26' height='60.96' modelSize='485910'/>
  <pieceOfFurniture name='pink macreme' model='43/Luster%20Vixen%20N231120.obj' x='486.99054' y='-83.661194' elevation='182.88' width='26.352499' depth='26.352499' height='62.23' color='FFC30080' modelSize='77186280'/>
  <pieceOfFurniture name='blue macreme lamp' model='43/Luster%20Vixen%20N231120.obj' x='654.3972' y='-67.94241' elevation='121.92' angle='0.2617994' width='45.72' depth='45.72' height='121.92' color='FF006EA7' modelSize='77186280'/>
  <pieceOfFurniture name='cat scratcher' creator='sue' model='45/testArea.obj' x='1107.0919' y='146.50964' width='40.64' depth='40.64' height='93.979996'/>
  <pieceOfFurniture name='cat tree 1' creator='sue' model='46/testArea.obj' x='345.13873' y='-53.46753' elevation='121.92' width='61.2775' depth='59.055' height='116.84'/>
  <pieceOfFurniture name='cat tree 2' creator='sue' model='47/testArea.obj' x='504.52246' y='464.5939' width='51.434998' depth='45.4025' height='119.38'/>
  <furnitureGroup name='bathroom milk crates' x='1271.0901' y='318.99924' angle='1.7484555E-7' width='87.18005' depth='30.480042' height='66.04'>
    <pieceOfFurniture name='crate sidways' model='49/guacal.obj' x='1249.09' y='318.99924' angle='1.7484555E-7' width='43.18' depth='30.48' height='33.02' color='FFD3B8FF' modelRotation='1 0 0 0 0 -1 0 1 0' modelSize='4424'/>
    <pieceOfFurniture name='crate sidways' model='49/guacal.obj' x='1292.27' y='318.99924' angle='1.7484555E-7' width='43.18' depth='30.48' height='33.02' color='FFD3B8FF' modelRotation='1 0 0 0 0 -1 0 1 0' modelSize='4424'/>
    <pieceOfFurniture name='crate sidways' model='49/guacal.obj' x='1251.09' y='318.99924' elevation='33.02' width='43.18' depth='30.48' height='33.02' color='FFD3B8FF' modelRotation='1 0 0 0 0 -1 0 1 0' modelSize='4424'/>
    <pieceOfFurniture name='crate sidways' model='49/guacal.obj' x='1293.09' y='318.99924' elevation='33.02' width='43.18' depth='30.48' height='33.02' color='FFD3B8FF' modelRotation='1 0 0 0 0 -1 0 1 0' modelSize='4424'/>
  </furnitureGroup>
  <pieceOfFurniture name='Rubbermaid+Tub' model='51/model.dae' x='385.85385' y='162.99347' angle='4.712389' width='35.559998' depth='43.18' depthInPlan='43.179996' height='38.1' color='FF464646' modelSize='255912'/>
  <pieceOfFurniture name='chaiseCuisine' model='53/chaiseCuisine.obj' x='449.81683' y='316.96622' width='36.5125' depth='54.2925' height='80.645' modelSize='468459'>
    <material name='lighttannew'>
      <texture name='copperPatina' width='249.86073' height='243.84' image='11'/>
    </material>
    <material name='silver'>
      <texture name='0033-copper-metal-texture-seamless' width='20.32' height='20.32' image='12'/>
    </material>
  </pieceOfFurniture>
  <pieceOfFurniture name='chaiseCuisine' model='53/chaiseCuisine.obj' x='373.81683' y='396.9662' width='36.5125' depth='54.2925' height='80.645' modelSize='468459'>
    <material name='lighttannew'>
      <texture name='copperPatina' width='249.86073' height='243.84' image='11'/>
    </material>
    <material name='silver'>
      <texture name='0033-copper-metal-texture-seamless' width='20.32' height='20.32' image='12'/>
    </material>
  </pieceOfFurniture>
  <pieceOfFurniture catalogId='Scopia#air-mattress' name='Air mattress' creator='Scopia' model='55/air-mattress.obj' x='107.74878' y='-9.46077' elevation='63.5' angle='1.5707966' width='187.95999' depth='137.16391' height='20.32' modelSize='90984' movable='false'>
    <material name='blue-plastic' color='FFE3E3E3'/>
    <material name='white-plastic' color='FFE3E3E3'/>
  </pieceOfFurniture>
  <pieceOfFurniture name='small Milk Crate' model='57/model.dae' x='172.09448' y='515.1123' elevation='12.7' width='22.86' depth='19.05' height='15.24' color='FF7C00C3' modelSize='5083264'/>
  <pieceOfFurniture catalogId='Scopia#step-ladder-metal' name='Step ladder' creator='Scopia' model='59/step-ladder-metal.obj' x='1055.283' y='401.21588' width='57.785' depth='75.8825' height='180.02249' modelSize='44723'/>
  <pieceOfFurniture catalogId='Scopia#step-ladder-metal' name='short ladder' creator='Scopia' model='59/step-ladder-metal.obj' x='108.400024' y='473.21588' angle='3.1415927' width='45.72' depth='60.96' height='76.2' modelSize='44723'>
    <texture name='0033-copper-metal-texture-seamless' width='20.32' height='20.32' image='12'/>
  </pieceOfFurniture>
  <pieceOfFurniture name='large Milk Crate' model='57/model.dae' x='288.09448' y='339.1123' elevation='12.7' width='43.18' depth='33.02' height='30.48' color='FF7C00C3' modelSize='5083264'/>
  <pieceOfFurniture name='rideau lft' model='33/rideau.obj' x='469.9154' y='621.5745' angle='3.1415927' width='68.8975' depth='7.62' height='182.88' modelRotation='-1 0 0 0 1 0 0 0 -1' modelSize='42843'>
    <texture name='showerCurtain' width='132.08' height='184.29768' image='60'/>
  </pieceOfFurniture>
  <pieceOfFurniture catalogId='eTeks#texturableBox' name='2x4 KitchenRug' creator='eTeks' model='14/texturableBox.obj' x='846.5254' y='365.91577' angle='3.1415927' width='111.759995' depth='58.42' height='1.27' shininess='0.0' modelSize='1661'>
    <texture name='bathroomRug' width='113.08522' height='60.96' image='61'/>
  </pieceOfFurniture>
  <furnitureGroup name='microwave cart' x='310.71393' y='108.409546' angle='4.712389' width='53.974976' depth='34.29004' height='125.729996'>
    <pieceOfFurniture name='microwaveCart' model='63/model.dae' x='310.71393' y='108.409546' angle='4.712389' width='53.975' depth='34.29' height='125.729996' modelSize='2742199'>
      <texture name='0033-copper-metal-texture-seamless' width='20.32' height='20.32' image='12'/>
    </pieceOfFurniture>
    <pieceOfFurniture name='large Milk Crate' model='57/model.dae' x='310.39508' y='109.11572' elevation='12.7' angle='4.712389' width='43.18' depth='33.02' height='25.4' color='FF246000' modelSize='5083264'/>
  </furnitureGroup>
  <furnitureGroup name='bakers rack' x='445.67682' y='74.039185' angle='4.712389' width='91.44' depth='37.02002' height='137.16'>
    <pieceOfFurniture name='Bakers rack' model='63/model.dae' x='447.67682' y='74.039185' angle='4.712389' width='91.44' depth='33.02' height='137.16' modelSize='2742199'>
      <texture name='0033-copper-metal-texture-seamless' width='20.32' height='20.32' image='12'/>
    </pieceOfFurniture>
    <pieceOfFurniture name='large Milk Crate' model='57/model.dae' x='445.67682' y='96.03583' elevation='12.7' angle='4.712389' width='43.18' depth='33.02' height='25.4' color='FF009E94' modelSize='5083264'/>
    <pieceOfFurniture name='large Milk Crate' model='57/model.dae' x='445.67682' y='56.035828' elevation='12.7' angle='4.712389' width='43.18' depth='33.02' height='25.4' color='FF246000' modelSize='5083264'/>
    <pieceOfFurniture name='large Milk Crate' model='57/model.dae' x='443.67682' y='96.03583' elevation='35.559998' angle='4.712389' width='43.18' depth='33.02' height='30.48' color='FF246000' modelSize='5083264'/>
    <pieceOfFurniture name='large Milk Crate' model='57/model.dae' x='443.67682' y='54.035828' elevation='35.559998' angle='4.712389' width='43.18' depth='33.02' height='25.4' color='FF009E94' modelSize='5083264'/>
  </furnitureGroup>
</home>