<?xml version='1.0'?>
<home version='7400' exportFlags='17' name='Hillsboro71_moveIn.sh3d' camera='observerCamera' wallHeight='243.84'>
  <environment groundColor='00A8A8A8' skyColor='00CCE4FC' lightColor='00D0D0D0'>
    <texture attribute='groundTexture' name='Grass' creator='eTeks' catalogId='eTeks#grass' width='30.0' height='30.0' image='1'/>
  </environment>
  <observerCamera attribute='observerCamera' lens='PINHOLE' x='975.9356' y='-28.53357' z='144.78' yaw='15.656947' pitch='0.27070224' fieldOfView='1.0995575' time='1717329600000'/>
  <camera attribute='topCamera' lens='PINHOLE' x='802.9721' y='467.23602' z='717.37634' yaw='21.981556' pitch='0.7049999' fieldOfView='1.0995575' time='1717329600000'/>
  <doorOrWindow catalogId='eTeks#doubleHungWindow80x122' name='Double-hung window' creator='eTeks' model='3' x='1582.8223' y='-221.68213' elevation='91.44' angle='1.5707965' width='81.28' depth='8.1297655' height='127.9525' modelSize='3457' movable='false' cutOutShape='M0,0 v1 h1 v-1 z' wallCutOutOnBothSides='true'/>
  <doorOrWindow catalogId='eTeks#doubleWindow126x123' name='Double small window' creator='eTeks' model='5' x='1590.1475' y='-476.20044' elevation='86.994995' angle='4.7171226' width='132.08' depth='10.452342' height='133.985' modelSize='13503' movable='false' cutOutShape='M0,0 v1 h1 v-1 z' wallCutOutOnBothSides='true'/>
  <doorOrWindow catalogId='eTeks#frontDoor' name='Front door' creator='eTeks' model='7' x='533.29083' y='-400.18494' width='101.6' depth='9.737416' height='208.5975' modelSize='24179' movable='false' cutOutShape='M0,0 v1 h1 v-1 z' wallCutOutOnBothSides='true'/>
  <doorOrWindow catalogId='eTeks#doubleHungWindow80x122' name='Double-hung window' creator='eTeks' model='3' x='1582.8223' y='-136.84656' elevation='91.44' angle='1.5707965' width='81.28' depth='8.1297655' height='127.9525' modelSize='3457' movable='false' cutOutShape='M0,0 v1 h1 v-1 z' wallCutOutOnBothSides='true'/>
  <doorOrWindow catalogId='eTeks#doubleWindow126x123' name='Double small window' creator='eTeks' model='5' x='1217.7621' y='-474.8551' elevation='86.994995' angle='1.5755299' width='132.08' depth='10.452342' height='133.985' modelSize='13503' movable='false' cutOutShape='M0,0 v1 h1 v-1 z' wallCutOutOnBothSides='true'/>
  <doorOrWindow catalogId='eTeks#doubleWindow126x123' name='Double small window' creator='eTeks' model='5' x='1004.8689' y='-476.91446' elevation='86.994995' angle='1.5679932' width='132.08' depth='10.452342' height='133.985' modelSize='13503' movable='false' cutOutShape='M0,0 v1 h1 v-1 z' wallCutOutOnBothSides='true'/>
  <doorOrWindow catalogId='eTeks#doubleWindow126x163' name='Double window' creator='eTeks' model='9' x='816.28436' y='-558.38324' elevation='91.44' width='243.84' depth='10.452342' height='106.68' modelSize='13650' movable='false' cutOutShape='M0,0 v1 h1 v-1 z' wallCutOutOnBothSides='true'/>
  <doorOrWindow catalogId='eTeks#doubleWindow126x163' name='Double window' creator='eTeks' model='9' x='1390.9578' y='-556.6127' elevation='91.44' angle='0.0016856194' width='243.84' depth='10.452342' height='106.68' modelSize='13650' movable='false' cutOutShape='M0,0 v1 h1 v-1 z' wallCutOutOnBothSides='true'/>
  <doorOrWindow catalogId='eTeks#doubleHungWindow80x122' name='Double-hung window' creator='eTeks' model='3' x='1116.2471' y='-401.80405' elevation='91.44' angle='3.1388018' width='106.68' depth='8.1297655' height='127.9525' modelSize='3457' movable='false' cutOutShape='M0,0 v1 h1 v-1 z' wallCutOutOnBothSides='true'/>
  <doorOrWindow catalogId='eTeks#frontDoor' name='Front door' creator='eTeks' model='7' x='1284.6246' y='-0.9816143' angle='3.1415925' width='101.6' depth='9.737416' height='208.5975' modelMirrored='true' modelSize='24179' movable='false' cutOutShape='M0,0 v1 h1 v-1 z' wallCutOutOnBothSides='true'/>
  <doorOrWindow catalogId='eTeks#doubleWindow126x123' name='Double small window' creator='eTeks' model='5' x='693.77216' y='-1.3389282' elevation='86.994995' angle='3.1415923' width='132.08' depth='10.452342' height='133.985' modelSize='13503' movable='false' cutOutShape='M0,0 v1 h1 v-1 z' wallCutOutOnBothSides='true'/>
  <doorOrWindow catalogId='eTeks#doubleWindow126x123' name='Double small window' creator='eTeks' model='5' x='1439.773' y='-1.3390503' elevation='86.994995' angle='3.1415923' width='132.08' depth='10.452342' height='133.985' modelSize='13503' movable='false' cutOutShape='M0,0 v1 h1 v-1 z' wallCutOutOnBothSides='true'/>
  <doorOrWindow catalogId='eTeks#doubleWindow126x123' name='Double small window' creator='eTeks' model='5' x='187.1059' y='-399.82742' elevation='86.994995' width='132.08' depth='10.452342' height='133.985' modelSize='13503' movable='false' cutOutShape='M0,0 v1 h1 v-1 z' wallCutOutOnBothSides='true'/>
  <doorOrWindow catalogId='eTeks#doubleWindow126x123' name='Double small window' creator='eTeks' model='5' x='2.0725098' y='-222.8888' elevation='86.994995' angle='4.7123895' width='132.08' depth='10.452342' height='133.985' modelSize='13503' movable='false' cutOutShape='M0,0 v1 h1 v-1 z' wallCutOutOnBothSides='true'/>
  <doorOrWindow catalogId='eTeks#doubleWindow126x123' name='Double small window' creator='eTeks' model='5' x='975.106' y='-1.3390198' elevation='121.92' angle='3.1415923' width='76.2' depth='10.452342' height='45.72' modelSize='13503' movable='false' cutOutShape='M0,0 v1 h1 v-1 z' wallCutOutOnBothSides='true'/>
  <doorOrWindow catalogId='eTeks#doubleWindow126x123' name='Double small window' creator='eTeks' model='5' x='444.4392' y='-1.3388977' elevation='121.92' angle='3.1415923' width='76.2' depth='10.452342' height='45.72' modelSize='13503' movable='false' cutOutShape='M0,0 v1 h1 v-1 z' wallCutOutOnBothSides='true'/>
  <doorOrWindow catalogId='eTeks#doorFrame' name='Door frame' creator='eTeks' model='11' x='674.6714' y='-288.1978' angle='3.135304' width='91.44' depth='9.678149' height='208.28' modelSize='1281' movable='false' cutOutShape='M0,0 v1 h1 v-1 z' wallCutOutOnBothSides='true'/>
  <doorOrWindow catalogId='eTeks#doorFrame' name='Door frame' creator='eTeks' model='11' x='438.18658' y='-289.0674' angle='3.1415927' width='91.44' depth='9.678149' height='208.28' modelSize='1281' movable='false' cutOutShape='M0,0 v1 h1 v-1 z' wallCutOutOnBothSides='true'/>
  <pieceOfFurniture catalogId='eTeks#texturableBox' name='Box' creator='eTeks' model='13/texturableBox.obj' x='443.24884' y='-144.52834' width='162.56' depth='279.4' height='1.27' modelSize='1661' movable='false'>
    <texture name='little-stones-bathroom' width='121.92' height='121.92' image='14'/>
  </pieceOfFurniture>
  <pieceOfFurniture catalogId='eTeks#texturableBox' name='checkeredRug' creator='eTeks' model='13/texturableBox.obj' x='495.9544' y='-164.33063' elevation='1.27' angle='1.5707964' width='91.44' depth='60.96' height='1.27' modelSize='1661'>
    <texture name='bathroomRug' width='91.44' height='49.291878' image='15'/>
  </pieceOfFurniture>
  <pieceOfFurniture catalogId='eTeks#fridgeFreezer' name='Fridge &amp; Freezer' creator='eTeks' model='17' x='841.1986' y='-253.31248' angle='4.712389' width='47.498' depth='48.9966' height='118.262405' modelSize='26363'>
    <texture name='visax-d8cv2ekRABU-unsplash' width='243.84' height='203.35873' image='18'/>
  </pieceOfFurniture>
  <pieceOfFurniture catalogId='eTeks#clothesWasher' name='Clothes washer' creator='eTeks' model='20' x='390.98917' y='-245.64206' elevation='1.27' angle='4.712389' width='59.69' depth='62.864998' height='85.09' modelSize='24815'/>
  <pieceOfFurniture catalogId='eTeks#cooker' name='Cooker' creator='eTeks' model='22' x='1146.9691' y='-97.07827' angle='1.5707964' width='59.69' depth='62.23' height='85.09' modelSize='42013'>
    <texture name='visax-d8cv2ekRABU-unsplash' width='243.84' height='203.35873' image='18'/>
  </pieceOfFurniture>
  <pieceOfFurniture catalogId='eTeks#slidingDoors' name='Sliding doors' creator='eTeks' model='24' x='94.0' y='-71.67706' angle='3.1415927' width='152.4' depth='7.62' height='243.84' modelSize='6835' movable='false'/>
  <pieceOfFurniture catalogId='eTeks#washbasinWithCabinet' name='Washbasin with cabinet' creator='eTeks' model='26' x='548.0244' y='-159.1286' elevation='1.27' angle='1.5707964' width='113.03' widthInPlan='113.02998' depth='43.18' depthInPlan='43.180008' height='96.52' heightInPlan='96.51999' modelSize='66142' movable='false'/>
  <pieceOfFurniture catalogId='eTeks#toiletUnit' name='Toilet unit' creator='eTeks' model='28' x='399.56168' y='-102.151184' elevation='1.27' angle='4.712389' width='40.005' depth='80.01' height='62.23' modelSize='125874' movable='false'/>
  <pieceOfFurniture catalogId='eTeks#slidingDoors' name='Sliding doors' creator='eTeks' model='24' x='572.4094' y='-51.56303' angle='4.712389' width='90.17' widthInPlan='90.17001' depth='6.35' height='243.84' modelSize='6835' movable='false'/>
  <pieceOfFurniture catalogId='eTeks#texturableCylinder' name='Cylinder' creator='eTeks' model='30/texturableCylinder.obj' x='560.7244' y='-251.83856' width='53.34' widthInPlan='53.340004' depth='57.149998' height='152.4' modelSize='6600'/>
  <doorOrWindow name='arch' model='32/arch.obj' x='833.13086' y='-400.86365' elevation='167.64' angle='6.2803946' width='340.35995' depth='7.62075' height='76.2' modelSize='4517' movable='false' wallCutOutOnBothSides='true'>
    <texture name='0010498_plumant-cream-faux-plaster-texture-wallpaper' width='243.84' height='243.4336' image='33'/>
  </doorOrWindow>
  <doorOrWindow name='arch' model='32/arch.obj' x='1389.1156' y='-402.27884' elevation='167.64' angle='6.2803946' width='340.35995' depth='7.62075' height='76.2' modelSize='4517' movable='false' wallCutOutOnBothSides='true'>
    <texture name='0010498_plumant-cream-faux-plaster-texture-wallpaper' width='243.84' height='243.4336' image='33'/>
  </doorOrWindow>
  <pieceOfFurniture name='woodStove' model='35/AtorHaut.obj' x='692.1553' y='-521.612' angle='5.7595863' width='60.18405' depth='52.77636' height='203.05663' modelSize='261621'/>
  <pieceOfFurniture name='rectangularMirror' model='37/rectangularMirror.obj' x='569.12573' y='-157.51126' elevation='121.92' angle='1.5707964' width='76.2' depth='0.97746694' height='91.44' modelSize='14013'/>
  <pieceOfFurniture name='microwaveStand' model='39/meubleMicroOnde.obj' x='26.50968' y='-120.22296' angle='4.712389' width='62.6' depth='44.086002' height='118.35' heightInPlan='118.34999' modelSize='58028'/>
  <pieceOfFurniture name='litter box' model='41/litiere.obj' x='328.27' y='-41.05281' width='28.8925' depth='50.165' height='42.8625' modelSize='148840'/>
  <pieceOfFurniture name='litter box' model='41/litiere.obj' x='252.8896' y='-41.052795' width='28.8925' depth='50.165' height='42.8625' modelSize='148840'/>
  <pieceOfFurniture name='litter box' model='41/litiere.obj' x='290.26996' y='-45.84259' width='28.8925' depth='50.165' height='42.8625' modelSize='148840'/>
  <pieceOfFurniture name='romanBlindWithFlowers' model='43/Curtain%20roman%20N240419.3ds' x='184.75998' y='-391.55954' elevation='121.92' width='121.92' depth='11.747499' height='104.14' modelSize='24149230'/>
  <pieceOfFurniture catalogId='Blend Swap CC-0#technicalTable1' name='tv table' creator='Redsymbzone' model='45/technicalTable1.obj' x='321.07666' y='-202.2171' elevation='1.27' angle='4.712389' width='167.64' depth='45.72' height='71.119995' color='FF000016' modelSize='32837'/>
  <pieceOfFurniture catalogId='Blend Swap CC-0#technicalTable1' name='work table' creator='Redsymbzone' model='45/technicalTable1.obj' x='1118.4333' y='-374.66946' elevation='1.27' width='154.94' depth='45.72' height='55.879997' modelSize='32837'>
    <material name='Kanter'>
      <texture name='0033-copper-metal-texture-seamless' width='20.32' height='20.32' image='46'/>
    </material>
    <material name='Material.007'>
      <texture name='turquoisePurpleTile' width='91.44' height='91.440025' image='47'/>
    </material>
    <material name='Material.015'>
      <texture name='0033-copper-metal-texture-seamless' width='20.32' height='20.32' image='46'/>
    </material>
    <material name='Material.022'>
      <texture name='0033-copper-metal-texture-seamless' width='20.32' height='20.32' image='46'/>
    </material>
    <material name='Plast2'>
      <texture name='0033-copper-metal-texture-seamless' width='20.32' height='20.32' image='46'/>
    </material>
    <material name='Plast2.001'>
      <texture name='0033-copper-metal-texture-seamless' width='20.32' height='20.32' image='46'/>
    </material>
  </pieceOfFurniture>
  <pieceOfFurniture catalogId='eTeks#texturableBox' name='Krishna tapestry' creator='eTeks' model='13/texturableBox.obj' x='1260.7422' y='-546.87256' elevation='106.68' angle='3.1415927' width='76.2' depth='1.27' height='99.06' modelSize='1661'>
    <texture name='Krishna' width='76.2' height='98.539764' image='48'/>
  </pieceOfFurniture>
  <pieceOfFurniture catalogId='eTeks#texturableBox' name='Ganesh tapestry' creator='eTeks' model='13/texturableBox.obj' x='1529.1581' y='-547.9423' elevation='106.68' width='76.2' depth='1.27' height='101.6' modelSize='1661'>
    <texture name='Ganesh' width='76.2' height='100.95696' image='49'/>
  </pieceOfFurniture>
  <pieceOfFurniture catalogId='eTeks#texturableBox' name='jaganath' creator='eTeks' model='13/texturableBox.obj' x='1388.609' y='-547.1689' elevation='121.92' angle='3.1415927' width='45.72' depth='1.27' height='91.44' modelSize='1661'>
    <texture name='jagannath2' width='45.72' height='91.084206' image='50'/>
  </pieceOfFurniture>
  <pieceOfFurniture name='rideau lft' model='52/rideau.obj' x='763.9976' y='-150.23315' angle='3.1415927' width='91.44' depth='10.16' height='243.84' modelRotation='-1 0 0 0 1 0 0 0 -1' modelSize='42843'>
    <texture name='tiedyeCurtain_75' width='137.16' height='192.27646' image='53'/>
  </pieceOfFurniture>
  <pieceOfFurniture catalogId='Kator Legaz#futon-couch' name='Futon couch' creator='Kator Legaz' model='55/futon-couch.obj' x='210.36452' y='-208.86237' angle='4.712389' width='138.1125' depth='63.1825' height='61.9125' modelSize='150520'>
    <texture name='blueSpatter' width='242.37988' height='243.84' image='56'/>
  </pieceOfFurniture>
  <pieceOfFurniture catalogId='eTeks#texturableBox' name='blueMandala tapestry' creator='eTeks' model='13/texturableBox.obj' x='693.0533' y='-14.911194' elevation='91.44' width='149.86' depth='1.27' height='129.54' modelSize='1661'>
    <texture name='mandalaTapestry' width='149.86' height='127.985' image='57'/>
  </pieceOfFurniture>
  <pieceOfFurniture name='pink macreme' model='59/Luster%20Vixen%20N231120.obj' x='1559.2233' y='-384.25705' elevation='182.88' width='26.352499' depth='26.352499' height='62.23' color='FFC30080' modelSize='77186280'/>
  <pieceOfFurniture name='blue macreme lamp' model='59/Luster%20Vixen%20N231120.obj' x='1258.4066' y='-434.01147' elevation='121.92' width='45.72' depth='45.72' height='121.92' color='FF006EA7' modelSize='77186280'/>
  <pieceOfFurniture name='flatscreen' model='61/model.dae' x='333.77734' y='-187.17136' elevation='72.39' angle='3.1415927' width='13.0175' depth='99.06' height='71.119995' modelSize='222825'/>
  <pieceOfFurniture name='cat tree 1' creator='sue' model='63/testArea.obj' x='187.13875' y='-367.9058' width='61.2775' depth='59.055' height='116.84'/>
  <pieceOfFurniture name='cat tree 2' creator='sue' model='64/testArea.obj' x='30.184175' y='-233.69629' width='51.434998' depth='45.4025' height='119.38'/>
  <pieceOfFurniture catalogId='Infernal-quack#tableCuisine' name='Table' creator='Infernal-quack' model='66' x='1122.9119' y='-196.45583' width='116.84' depth='38.1' height='91.44' modelRotation='0 0 -1 0 1 0 1 0 0' modelCenteredAtOrigin='false' modelSize='357550'>
    <material name='lighttannew'>
      <texture name='copperPatina' width='249.86073' height='243.84' image='67'/>
    </material>
    <material name='silver'>
      <texture name='0033-copper-metal-texture-seamless' width='20.32' height='20.32' image='46'/>
    </material>
  </pieceOfFurniture>
  <pieceOfFurniture name='cat scratcher' creator='sue' model='68/testArea.obj' x='203.09186' y='-95.61706' angle='3.1415927' width='40.64' depth='40.64' height='93.979996'/>
  <pieceOfFurniture name='little_lamp1' model='70/little_lamp1.obj' x='1555.1367' y='-39.564575' elevation='92.71' width='48.26' depth='48.26' height='60.96' modelSize='485910'/>
  <furnitureGroup name='bakers rack' x='834.6626' y='-112.953285' angle='4.712389' width='91.44001' depth='37.02002' height='137.16'>
    <pieceOfFurniture name='Bakers rack' model='72/model.dae' x='836.6626' y='-112.95325' angle='4.712389' width='91.44' depth='33.02' height='137.16' modelSize='2742199'>
      <texture name='0033-copper-metal-texture-seamless' width='20.32' height='20.32' image='46'/>
    </pieceOfFurniture>
    <pieceOfFurniture name='large Milk Crate' model='74/model.dae' x='834.66235' y='-90.95659' elevation='12.7' angle='4.712389' width='43.18' depth='33.02' height='25.4' color='FF009E94' modelSize='5083264'/>
    <pieceOfFurniture name='large Milk Crate' model='74/model.dae' x='834.6626' y='-130.95653' elevation='12.7' angle='4.712389' width='43.18' depth='33.02' height='25.4' color='FF246000' modelSize='5083264'/>
    <pieceOfFurniture name='large Milk Crate' model='74/model.dae' x='832.6627' y='-90.9565' elevation='35.559998' angle='4.712389' width='43.18' depth='33.02' height='30.48' color='FF246000' modelSize='5083264'/>
    <pieceOfFurniture name='large Milk Crate' model='74/model.dae' x='832.6626' y='-132.95657' elevation='35.559998' angle='4.712389' width='43.18' depth='33.02' height='25.4' color='FF009E94' modelSize='5083264'/>
  </furnitureGroup>
  <pieceOfFurniture catalogId='Scopia#step-ladder-metal' name='Step ladder' creator='Scopia' model='76/step-ladder-metal.obj' x='964.5726' y='-434.03925' angle='1.5707964' width='57.785' depth='75.8825' height='180.02249' modelSize='44723'/>
  <pieceOfFurniture catalogId='eTeks#texturableCylinder' name='blackPouf' creator='eTeks' model='30/texturableCylinder.obj' x='1538.678' y='-440.03342' elevation='1.27' width='55.879997' depth='55.879997' height='35.559998' modelSize='6600'>
    <material name='cylinder'>
      <texture name='indianFloorPillowblk_texture2' width='10.16' height='5.319059' image='77'/>
    </material>
    <material name='top'>
      <texture name='indianFloorPillowblk' width='55.879997' height='53.969574' image='78'/>
    </material>
  </pieceOfFurniture>
  <pieceOfFurniture name='oven' model='80/ariston_MR940.3DS' x='827.8644' y='-192.83128' elevation='68.58' angle='4.712389' width='48.26' depth='22.89342' height='25.4' color='FF00BABD' modelRotation='0 0 1 0 1 0 -1 0 0' modelSize='2982064'/>
  <furnitureGroup name='microwave cart' x='833.4542' y='-193.87337' angle='4.7170916' width='53.97499' depth='34.289978' height='125.729996'>
    <pieceOfFurniture name='microwaveCart' model='72/model.dae' x='833.4543' y='-193.87337' angle='4.7170916' width='53.975' depth='34.29' height='125.729996' modelSize='2742199'>
      <texture name='0033-copper-metal-texture-seamless' width='20.32' height='20.32' image='46'/>
    </pieceOfFurniture>
    <pieceOfFurniture name='large Milk Crate' model='74/model.dae' x='833.13214' y='-193.1687' elevation='12.699997' angle='4.7170916' width='43.18' depth='33.02' height='25.4' color='FF246000' modelSize='5083264'/>
  </furnitureGroup>
  <furnitureGroup name='bathroom milk crates' x='66.49659' y='-29.568308' angle='3.1415927' width='87.18001' depth='30.480034' height='66.04'>
    <pieceOfFurniture name='crate sidways' model='82/guacal.obj' x='88.4966' y='-29.568306' angle='3.1415927' width='43.18' depth='30.48' height='33.02' color='FFD3B8FF' modelRotation='1 0 0 0 0 -1 0 1 0' modelSize='4424'/>
    <pieceOfFurniture name='crate sidways' model='82/guacal.obj' x='45.316544' y='-29.56829' angle='3.1415927' width='43.18' depth='30.48' height='33.02' color='FFD3B8FF' modelRotation='1 0 0 0 0 -1 0 1 0' modelSize='4424'/>
    <pieceOfFurniture name='crate sidways' model='82/guacal.obj' x='86.4966' y='-29.568321' elevation='33.02' angle='3.1415927' width='43.18' depth='30.48' height='33.02' color='FFD3B8FF' modelRotation='1 0 0 0 0 -1 0 1 0' modelSize='4424'/>
    <pieceOfFurniture name='crate sidways' model='82/guacal.obj' x='44.496582' y='-29.568306' elevation='33.02' angle='3.1415927' width='43.18' depth='30.48' height='33.02' color='FFD3B8FF' modelRotation='1 0 0 0 0 -1 0 1 0' modelSize='4424'/>
  </furnitureGroup>
  <pieceOfFurniture name='foldingBarChair' model='84/chaiseCuisine.obj' x='1037.3456' y='-191.03369' angle='4.712389' width='36.5125' depth='54.2925' height='80.645' modelSize='468459'>
    <material name='lighttannew'>
      <texture name='copperPatina' width='249.86073' height='243.84' image='67'/>
    </material>
    <material name='silver'>
      <texture name='0033-copper-metal-texture-seamless' width='20.32' height='20.32' image='46'/>
    </material>
  </pieceOfFurniture>
  <pieceOfFurniture name='foldingBarChair' model='84/chaiseCuisine.obj' x='1082.748' y='-233.03381' width='36.5125' depth='54.2925' height='80.645' modelSize='468459'>
    <material name='lighttannew'>
      <texture name='copperPatina' width='249.86073' height='243.84' image='67'/>
    </material>
    <material name='silver'>
      <texture name='0033-copper-metal-texture-seamless' width='20.32' height='20.32' image='46'/>
    </material>
  </pieceOfFurniture>
  <pieceOfFurniture name='WasShowerCurtain' model='52/rideau.obj' x='485.63565' y='-93.419556' elevation='1.27' angle='3.1415927' width='68.8975' depth='7.62' height='182.88' modelRotation='-1 0 0 0 1 0 0 0 -1' modelSize='42843'>
    <texture name='showerCurtain' width='132.08' height='184.29768' image='85'/>
  </pieceOfFurniture>
  <pieceOfFurniture catalogId='Scopia#step-ladder-metal' name='short ladder' creator='Scopia' model='76/step-ladder-metal.obj' x='698.4439' y='-185.79315' angle='3.1415927' width='45.72' depth='60.96' height='76.2' modelSize='44723'>
    <texture name='0033-copper-metal-texture-seamless' width='20.32' height='20.32' image='46'/>
  </pieceOfFurniture>
  <pieceOfFurniture name='indoor-bike' model='87/indoor-bike.obj' x='70.12037' y='-347.67505' angle='4.712389' width='71.84918' depth='101.2435' height='131.33101' modelSize='125565'/>
  <pieceOfFurniture name='shower-chair' model='89/shower-chair.obj' x='443.044' y='-35.768005' elevation='1.27' angle='3.1415927' width='46.088' depth='44.464' height='84.671' modelSize='114091'/>
  <pieceOfFurniture catalogId='eTeks#table' name='Table' creator='eTeks' model='91' x='910.81287' y='-510.26883' angle='1.5707964' width='91.44' depth='182.88' height='73.9775' color='FF060606' modelSize='5486'/>
  <pieceOfFurniture catalogId='eTeks#roundTable' name='Round table' creator='eTeks' model='93' x='1516.4016' y='-77.42114' width='125.729996' depth='125.729996' height='106.68' modelSize='8110'>
    <texture name='Beech' creator='Emmanuel Puybaret' catalogId='Puybaret#beech' width='40.0' height='80.0' image='94'/>
  </pieceOfFurniture>
  <furnitureGroup name='Group -5-' x='862.0156' y='-13.893247' elevation='121.92' angle='3.1415927' width='93.01019' depth='20.320026' height='63.5'>
    <pieceOfFurniture catalogId='eTeks#texturableBox' name='Box' creator='eTeks' model='13/texturableBox.obj' x='862.8007' y='-13.893251' elevation='152.4' angle='3.1415927' width='91.44' depth='20.32' height='2.54' modelSize='1661'/>
    <pieceOfFurniture catalogId='eTeks#texturableBox' name='Box' creator='eTeks' model='13/texturableBox.obj' x='861.2305' y='-13.893245' elevation='121.92' angle='3.1415925' width='91.44' depth='20.32' height='2.54' modelSize='1661'/>
    <pieceOfFurniture catalogId='eTeks#texturableBox' name='Box' creator='eTeks' model='13/texturableBox.obj' x='861.2306' y='-13.893248' elevation='182.88' angle='3.1415925' width='91.44' depth='20.32' height='2.54' modelSize='1661'/>
  </furnitureGroup>
  <furnitureGroup name='Group -5-' x='1075.3496' y='-13.893282' elevation='121.92' angle='3.1415925' width='93.010254' depth='20.320007' height='63.5'>
    <pieceOfFurniture catalogId='eTeks#texturableBox' name='Box' creator='eTeks' model='13/texturableBox.obj' x='1076.1348' y='-13.893285' elevation='152.4' angle='3.1415925' width='91.44' depth='20.32' height='2.54' modelSize='1661'/>
    <pieceOfFurniture catalogId='eTeks#texturableBox' name='Box' creator='eTeks' model='13/texturableBox.obj' x='1074.5645' y='-13.893277' elevation='121.92' angle='3.1415925' width='91.44' depth='20.32' height='2.54' modelSize='1661'/>
    <pieceOfFurniture catalogId='eTeks#texturableBox' name='Box' creator='eTeks' model='13/texturableBox.obj' x='1074.5646' y='-13.893281' elevation='182.88' angle='3.1415925' width='91.44' depth='20.32' height='2.54' modelSize='1661'/>
  </furnitureGroup>
  <pieceOfFurniture catalogId='eTeks#bed' name='Bed' creator='eTeks' model='96' x='693.9602' y='-76.573074' angle='4.712389' width='137.16' depth='193.04' height='52.704998' modelSize='24868'/>
  <pieceOfFurniture name='rideau lft' model='52/rideau.obj' x='622.95447' y='-150.23306' angle='3.1415927' width='91.44' depth='10.16' height='243.84' modelMirrored='true' modelRotation='-1 0 0 0 1 0 0 0 -1' modelSize='42843'>
    <texture name='tiedyeCurtain_75' width='137.16' height='192.27646' image='53'/>
  </pieceOfFurniture>
  <pieceOfFurniture name='open kitchen cabinet' model='98/Showcase%203/Showcase%203.3ds' x='860.1635' y='-35.483295' angle='3.1415927' width='88.899994' depth='63.5' height='83.82' modelSize='23884281'/>
  <pieceOfFurniture name='fluffy curtain' model='100/Curtain%20N191012.3DS' x='1037.3005' y='-102.838875' width='62.60104' depth='6.3222485' height='57.643517' modelSize='4938739'/>
  <pieceOfFurniture name='open cabinet slim' model='98/Showcase%203/Showcase%203.3ds' x='1148.7698' y='-152.16452' angle='1.5707964' width='50.4825' depth='63.5' height='83.82' modelSize='23884281'/>
  <pieceOfFurniture name='echo' model='103/sphere.obj' x='329.24' y='-112.759995' elevation='76.2' width='15.24' depth='15.24' height='15.240006' color='FF0C0C0C' modelSize='49710'/>
  <pieceOfFurniture name='echo' model='103/sphere.obj' x='331.24' y='-296.76' elevation='76.2' width='15.24' depth='15.24' height='15.24' color='FF0C0C0C' modelSize='49710'/>
  <pieceOfFurniture name='echo dot white' model='103/sphere.obj' x='566.5344' y='-210.76001' elevation='121.92' width='10.16' depth='10.16' height='10.16' color='FFFFFCE0' modelSize='49710'/>
  <pieceOfFurniture name='echo dot blue' model='103/sphere.obj' x='1013.8677' y='-24.093323' elevation='121.92' width='10.16' depth='10.16' height='10.16' color='FF00CFF4' modelSize='49710'/>
  <pieceOfFurniture name='open kitchen cabinet' model='98/Showcase%203/Showcase%203.3ds' x='1072.1636' y='-35.48327' angle='3.1415927' width='88.9' depth='63.5' height='83.82' modelSize='23884281'/>
  <pieceOfFurniture name='open kitchen cabinet' model='98/Showcase%203/Showcase%203.3ds' x='1148.3635' y='-35.483273' angle='4.712389' width='63.5' depth='63.5' height='83.82' modelSize='23884281'/>
  <pieceOfFurniture name='stool' model='105/stool2.obj' x='1459.4391' y='-49.57366' width='36.195' depth='36.195' height='78.104996' modelSize='134928'>
    <texture name='Beech' creator='Emmanuel Puybaret' catalogId='Puybaret#beech' width='40.0' height='80.0' image='94'/>
  </pieceOfFurniture>
  <pieceOfFurniture name='stool' model='105/stool2.obj' x='1551.4391' y='-158.38364' width='36.195' depth='36.195' height='78.104996' modelSize='134928'>
    <texture name='Beech' creator='Emmanuel Puybaret' catalogId='Puybaret#beech' width='40.0' height='80.0' image='94'/>
  </pieceOfFurniture>
  <pieceOfFurniture catalogId='Blend Swap CC-0#verticalShelves' name='spice rack' creator='jclevet.net' model='107/verticalShelves.obj' x='371.24338' y='-144.41072' elevation='1.27' angle='4.712389' width='30.48' depth='20.32' height='152.4' modelSize='48129'>
    <texture name='spiceRackWood' width='20.32' height='20.32' image='108'/>
  </pieceOfFurniture>
  <pieceOfFurniture name='shelves_storage_steel' model='110/shelves_storage_steel.obj' x='678.0' y='85.000015' width='80.0' depth='30.00003' height='180.0' modelSize='26534'/>
  <pieceOfFurniture name='clothes-basket' model='112/clothes-basket.obj' x='387.3622' y='-186.89035' elevation='1.27' angle='4.7028418' width='53.975' depth='53.657497' height='67.31' modelSize='215696'/>
  <pieceOfFurniture name='curtains light' model='114/Curtain%20N300813.3DS' x='972.2407' y='-12.177032' elevation='137.16' width='91.44' depth='6.9849997' height='51.7525' modelRotation='0 0 -1 0 1 0 1 0 0' modelSize='77386903'/>
  <pieceOfFurniture name='sinkUnit' model='116/Wash-basin%20IKEA%20Silveran%20Hamnviken%20N090321/Wash-basin%20IKEA%20Silveran%20Hamnviken%20N090321.3ds' x='967.10187' y='-35.48326' angle='3.1415927' width='119.380005' depth='63.5' height='104.14' modelSize='28508582'/>
  <pieceOfFurniture name='shade 1' model='118/jalousie%5E2.3DS' x='1117.1436' y='-395.58563' elevation='91.44' width='114.31825' depth='3.9929798' height='139.7' modelSize='1192508'>
    <texture name='Birch' creator='Emmanuel Puybaret' catalogId='Puybaret#birch' width='40.0' height='80.0' image='119'/>
  </pieceOfFurniture>
  <pieceOfFurniture name='pillar2' model='121/Column%20N280717.3DS' x='654.7152' y='-381.9441' width='29.430466' depth='29.269243' height='243.84' modelSize='6407006'/>
  <wall id='wall-69b7cb85-c90c-4633-9ea8-1bb9f0feacee' wallAtStart='wall-084f8703-dbc2-4409-bc4a-714e1771c91c' wallAtEnd='wall-4bf999cd-41f9-41f3-ba72-2e0288e9b11a' xStart='658.51666' yStart='-401.2433' xEnd='658.0722' yEnd='-559.7988' height='243.84' heightAtEnd='213.35999' thickness='7.62' pattern='hatchUp'>
    <texture attribute='leftSideTexture' name='teal' width='121.92' height='75.00937' image='123'/>
    <texture attribute='rightSideTexture' name='PaintedPlaster010_1K-PNG_AmbientOcclusion' width='121.92' height='121.92' image='124'/>
  </wall>
  <wall id='wall-4bf999cd-41f9-41f3-ba72-2e0288e9b11a' wallAtStart='wall-69b7cb85-c90c-4633-9ea8-1bb9f0feacee' wallAtEnd='wall-2d6ee920-b329-4d48-af25-07b004798a79' xStart='658.0722' yStart='-559.7988' xEnd='1006.0522' yEnd='-559.7988' height='213.35999' thickness='7.62' pattern='hatchUp'>
    <texture attribute='leftSideTexture' name='teal' width='121.92' height='75.00937' image='123'/>
    <texture attribute='rightSideTexture' name='PaintedPlaster010_1K-PNG_AmbientOcclusion' width='121.92' height='121.92' image='124'/>
  </wall>
  <wall id='wall-2d6ee920-b329-4d48-af25-07b004798a79' wallAtStart='wall-4bf999cd-41f9-41f3-ba72-2e0288e9b11a' wallAtEnd='wall-1d73f5aa-1b4b-4fd6-bca7-6a01e703d0d9' xStart='1006.0522' yStart='-559.7988' xEnd='1006.49664' yEnd='-401.2433' height='213.35999' heightAtEnd='243.84' thickness='7.62' pattern='hatchUp'>
    <texture attribute='leftSideTexture' name='teal' width='121.92' height='75.00937' image='123'/>
    <texture attribute='rightSideTexture' name='PaintedPlaster010_1K-PNG_AmbientOcclusion' width='121.92' height='121.92' image='124'/>
  </wall>
  <wall id='wall-1d73f5aa-1b4b-4fd6-bca7-6a01e703d0d9' wallAtStart='wall-2d6ee920-b329-4d48-af25-07b004798a79' wallAtEnd='wall-b91d8ac2-58cb-43e3-b9c8-d6c24c51bf24' xStart='1006.49664' yStart='-401.2433' xEnd='1218.8322' yEnd='-401.83588' height='243.84' thickness='7.62' pattern='hatchUp'>
    <texture attribute='leftSideTexture' name='teal' width='121.92' height='75.00937' image='123'/>
    <texture attribute='rightSideTexture' name='0010498_plumant-cream-faux-plaster-texture-wallpaper' width='243.84' height='243.4336' image='33'/>
  </wall>
  <wall id='wall-b91d8ac2-58cb-43e3-b9c8-d6c24c51bf24' wallAtStart='wall-1d73f5aa-1b4b-4fd6-bca7-6a01e703d0d9' wallAtEnd='wall-f802ade5-520f-4f10-82f6-1a81cef40cbb' xStart='1218.8322' yStart='-401.83588' xEnd='1218.8322' yEnd='-557.7248' height='243.84' heightAtEnd='213.35999' thickness='7.62' pattern='hatchUp'>
    <texture attribute='leftSideTexture' name='teal' width='121.92' height='75.00937' image='123'/>
    <texture attribute='rightSideTexture' name='sponge green blue painted-wood' width='243.84' height='243.84' image='125'/>
  </wall>
  <wall id='wall-f802ade5-520f-4f10-82f6-1a81cef40cbb' wallAtStart='wall-b91d8ac2-58cb-43e3-b9c8-d6c24c51bf24' wallAtEnd='wall-a5c659d4-8406-4069-82ce-c3c61a261f05' xStart='1218.8322' yStart='-557.7248' xEnd='1571.1174' yEnd='-557.7248' height='213.35999' thickness='7.62' pattern='hatchUp'>
    <texture attribute='leftSideTexture' name='teal' width='121.92' height='75.00937' image='123'/>
    <texture attribute='rightSideTexture' name='sponge lilac indigopainted-wood' width='243.84' height='243.84' image='126'/>
  </wall>
  <wall id='wall-a5c659d4-8406-4069-82ce-c3c61a261f05' wallAtStart='wall-f802ade5-520f-4f10-82f6-1a81cef40cbb' wallAtEnd='wall-ee60774a-8850-4560-a16c-34ec5a5082ff' xStart='1571.1174' yStart='-557.7248' xEnd='1570.3767' yEnd='-401.2433' height='213.35999' heightAtEnd='243.84' thickness='7.62' pattern='hatchUp'>
    <texture attribute='leftSideTexture' name='teal' width='121.92' height='75.00937' image='123'/>
    <texture attribute='rightSideTexture' name='sponge green blue painted-wood' width='243.84' height='243.84' image='125'/>
  </wall>
  <wall id='wall-ee60774a-8850-4560-a16c-34ec5a5082ff' wallAtStart='wall-a5c659d4-8406-4069-82ce-c3c61a261f05' wallAtEnd='wall-c294690c-92c7-4209-b48d-2fc9b5d84859' xStart='1570.3767' yStart='-401.2433' xEnd='1583.0767' yEnd='-401.2433' height='243.84' thickness='7.62' pattern='hatchUp'/>
  <wall id='wall-c294690c-92c7-4209-b48d-2fc9b5d84859' wallAtStart='wall-ee60774a-8850-4560-a16c-34ec5a5082ff' wallAtEnd='wall-e4e94015-efea-462e-b8de-c1131a1c6a4a' xStart='1583.0767' yStart='-401.2433' xEnd='1583.0767' yEnd='0.07669272' height='243.84' thickness='7.62' pattern='hatchUp'>
    <texture attribute='leftSideTexture' name='teal' width='121.92' height='75.00937' image='123'/>
    <texture attribute='rightSideTexture' name='0010498_plumant-cream-faux-plaster-texture-wallpaper' width='243.84' height='243.4336' image='33'/>
  </wall>
  <wall id='wall-d760e13e-39ec-4ca7-8b8f-e58fd8310504' wallAtStart='wall-a68f213b-6351-4636-bcba-695d30ea8063' wallAtEnd='wall-2e195bfc-81e9-4a12-91b7-f213cc48b419' xStart='0.65667486' yStart='0.07683095' xEnd='0.65667486' yEnd='-401.2433' height='243.84' thickness='7.62' pattern='hatchUp'>
    <texture attribute='leftSideTexture' name='teal' width='121.92' height='75.00937' image='123'/>
    <texture attribute='rightSideTexture' name='Beige pattern' creator='Scopia' catalogId='eTeksScopia#beige_pattern' width='45.0' height='45.0' image='127'/>
  </wall>
  <wall id='wall-213d7e16-31e7-46f9-93f2-2d9224a1c60f' wallAtEnd='wall-cb78f84d-871d-489a-bb26-b8c2377e0541' xStart='530.24445' yStart='-219.96695' xEnd='530.24445' yEnd='-287.27695' height='243.84' thickness='7.62' pattern='hatchUp'>
    <texture attribute='leftSideTexture' name='PaintedPlaster010_1K-PNG_AmbientOcclusion' width='121.92' height='121.92' image='124'/>
    <texture attribute='rightSideTexture' name='sponge lilac indigopainted-wood' width='243.84' height='243.84' image='126'/>
  </wall>
  <wall id='wall-cb78f84d-871d-489a-bb26-b8c2377e0541' wallAtStart='wall-213d7e16-31e7-46f9-93f2-2d9224a1c60f' wallAtEnd='wall-cd6e53db-9ef7-4d9b-aeca-382c3c328288' xStart='530.24445' yStart='-287.27695' xEnd='812.94666' yEnd='-289.05478' height='243.84' thickness='7.62' pattern='hatchUp'>
    <texture attribute='leftSideTexture' name='0010498_plumant-cream-faux-plaster-texture-wallpaper' width='243.84' height='243.4336' image='33'/>
    <texture attribute='rightSideTexture' name='sponge lilac indigopainted-wood' width='243.84' height='243.84' image='126'/>
  </wall>
  <wall id='wall-cd6e53db-9ef7-4d9b-aeca-382c3c328288' wallAtStart='wall-cb78f84d-871d-489a-bb26-b8c2377e0541' xStart='812.94666' yStart='-289.05478' xEnd='811.61334' yEnd='-5.528137' height='243.84' thickness='7.62' pattern='hatchUp'>
    <texture attribute='leftSideTexture' name='little-browns-kitchen-wall-tilesLt' width='60.96' height='60.96' image='128'/>
    <texture attribute='rightSideTexture' name='sponge purple blue painted-wood' width='243.84' height='243.84' image='129'/>
  </wall>
  <wall id='wall-09c11b0f-d2c2-4809-88cb-a41d1e4a89e1' wallAtEnd='wall-6ab5b391-d654-46d7-b6c5-9df7de2c49b1' xStart='528.4667' yStart='-289.05478' xEnd='355.74667' yEnd='-289.05478' height='243.84' thickness='7.62' pattern='hatchUp'>
    <texture attribute='leftSideTexture' name='PaintedPlaster010_1K-PNG_AmbientOcclusion' width='121.92' height='121.92' image='124'/>
    <texture attribute='rightSideTexture' name='0010498_plumant-cream-faux-plaster-texture-wallpaper' width='243.84' height='243.4336' image='33'/>
  </wall>
  <wall id='wall-6536ccc0-b046-4bd1-82b8-ba8e19f9c482' wallAtEnd='wall-6a1261c1-5c13-4191-b1be-bb54d856b288' xStart='171.13335' yStart='-71.48706' xEnd='234.63335' yEnd='-71.48706' height='243.84' thickness='7.62' pattern='hatchUp'>
    <texture attribute='leftSideTexture' name='Oak' creator='Emmanuel Puybaret' catalogId='Puybaret#oak2' width='40.0' height='80.0' image='130'/>
    <texture attribute='rightSideTexture' name='Beige pattern' creator='Scopia' catalogId='eTeksScopia#beige_pattern' width='45.0' height='45.0' image='127'/>
  </wall>
  <wall id='wall-6a1261c1-5c13-4191-b1be-bb54d856b288' wallAtStart='wall-6536ccc0-b046-4bd1-82b8-ba8e19f9c482' xStart='234.63335' yStart='-71.48706' xEnd='234.63335' yEnd='-5.528137' height='243.84' thickness='7.62' pattern='hatchUp'>
    <texture attribute='leftSideTexture' name='Oak' creator='Emmanuel Puybaret' catalogId='Puybaret#oak2' width='40.0' height='80.0' image='130'/>
  </wall>
  <wall id='wall-63ef1ba7-550b-4366-8d6c-157a39de58f2' wallAtEnd='wall-6645d710-8cca-4772-8053-4514df608442' xStart='528.4667' yStart='-219.45358' xEnd='573.42444' yEnd='-219.45358' height='243.84' thickness='7.62' pattern='hatchUp'>
    <texture attribute='leftSideTexture' name='sponge purple blue painted-wood' width='243.84' height='243.84' image='129'/>
    <texture attribute='rightSideTexture' name='PaintedPlaster010_1K-PNG_AmbientOcclusion' width='121.92' height='121.92' image='124'/>
  </wall>
  <wall id='wall-6645d710-8cca-4772-8053-4514df608442' wallAtStart='wall-63ef1ba7-550b-4366-8d6c-157a39de58f2' wallAtEnd='wall-c70ad626-37e9-4d10-b4dd-5e9735b031cf' xStart='573.42444' yStart='-219.45358' xEnd='573.42444' yEnd='-100.45804' height='243.84' thickness='7.62' pattern='hatchUp'>
    <texture attribute='leftSideTexture' name='sponge purple blue painted-wood' width='243.84' height='243.84' image='129'/>
    <texture attribute='rightSideTexture' name='PaintedPlaster010_1K-PNG_AmbientOcclusion' width='121.92' height='121.92' image='124'/>
  </wall>
  <wall id='wall-c70ad626-37e9-4d10-b4dd-5e9735b031cf' wallAtStart='wall-6645d710-8cca-4772-8053-4514df608442' wallAtEnd='wall-c92ec81c-3ba7-4ebc-9971-8cbe453008ee' xStart='573.42444' yStart='-100.45804' xEnd='523.8944' yEnd='-100.45804' height='243.84' thickness='7.62' pattern='hatchUp'>
    <texture attribute='leftSideTexture' name='sponge purple blue painted-wood' width='243.84' height='243.84' image='129'/>
    <texture attribute='rightSideTexture' name='PaintedPlaster010_1K-PNG_AmbientOcclusion' width='121.92' height='121.92' image='124'/>
  </wall>
  <wall id='wall-c92ec81c-3ba7-4ebc-9971-8cbe453008ee' wallAtStart='wall-c70ad626-37e9-4d10-b4dd-5e9735b031cf' xStart='523.8944' yStart='-100.45804' xEnd='523.8944' yEnd='0.07683095' height='243.84' thickness='7.62' pattern='hatchUp'>
    <texture attribute='leftSideTexture' name='0010498_plumant-cream-faux-plaster-texture-wallpaper' width='243.84' height='243.4336' image='33'/>
    <texture attribute='rightSideTexture' name='little-stones-bathroom' width='121.92' height='121.92' image='14'/>
  </wall>
  <wall id='wall-e4e94015-efea-462e-b8de-c1131a1c6a4a' wallAtStart='wall-c294690c-92c7-4209-b48d-2fc9b5d84859' wallAtEnd='wall-29da3063-ce27-4900-ba65-c1545edff87b' xStart='1583.0767' yStart='0.07669272' xEnd='812.94666' yEnd='0.076760046' height='243.84' thickness='7.62' pattern='hatchUp'>
    <texture attribute='leftSideTexture' name='teal' width='121.92' height='75.00937' image='123'/>
    <texture attribute='rightSideTexture' name='0010498_plumant-cream-faux-plaster-texture-wallpaper' width='243.84' height='243.4336' image='33'/>
  </wall>
  <wall id='wall-a68f213b-6351-4636-bcba-695d30ea8063' wallAtStart='wall-7045b45b-e033-4d61-9d04-c2d8f009aefc' wallAtEnd='wall-d760e13e-39ec-4ca7-8b8f-e58fd8310504' xStart='355.74667' yStart='0.076720074' xEnd='0.65667486' yEnd='0.07683095' height='243.84' thickness='7.62' pattern='hatchUp'>
    <texture attribute='leftSideTexture' name='teal' width='121.92' height='75.00937' image='123'/>
    <texture attribute='rightSideTexture' name='Beige pattern' creator='Scopia' catalogId='eTeksScopia#beige_pattern' width='45.0' height='45.0' image='127'/>
  </wall>
  <wall id='wall-29da3063-ce27-4900-ba65-c1545edff87b' wallAtStart='wall-e4e94015-efea-462e-b8de-c1131a1c6a4a' wallAtEnd='wall-7045b45b-e033-4d61-9d04-c2d8f009aefc' xStart='812.94666' yStart='0.076760046' xEnd='573.42444' yEnd='0.07673911' height='243.84' thickness='7.62' pattern='hatchUp'>
    <texture attribute='leftSideTexture' name='teal' width='121.92' height='75.00937' image='123'/>
    <texture attribute='rightSideTexture' name='sponge lilac indigopainted-wood' width='243.84' height='243.84' image='126'/>
  </wall>
  <wall id='wall-7045b45b-e033-4d61-9d04-c2d8f009aefc' wallAtStart='wall-29da3063-ce27-4900-ba65-c1545edff87b' wallAtEnd='wall-a68f213b-6351-4636-bcba-695d30ea8063' xStart='573.42444' yStart='0.07673911' xEnd='355.74667' yEnd='0.076720074' height='243.84' thickness='7.62' pattern='hatchUp'>
    <texture attribute='leftSideTexture' name='teal' width='121.92' height='75.00937' image='123'/>
    <texture attribute='rightSideTexture' name='little-stones-bathroom' width='121.92' height='121.92' image='14'/>
  </wall>
  <wall id='wall-6ab5b391-d654-46d7-b6c5-9df7de2c49b1' wallAtStart='wall-09c11b0f-d2c2-4809-88cb-a41d1e4a89e1' wallAtEnd='wall-447cf11e-0a86-4661-b7b8-b6fec30646f8' xStart='355.74667' yStart='-289.05478' xEnd='357.5245' yEnd='-102.84703' height='243.84' thickness='7.62' pattern='hatchUp'>
    <texture attribute='leftSideTexture' name='PaintedPlaster010_1K-PNG_AmbientOcclusion' width='121.92' height='121.92' image='124'/>
    <texture attribute='rightSideTexture' name='Beige pattern' creator='Scopia' width='45.0' height='45.0' image='127'/>
  </wall>
  <wall id='wall-447cf11e-0a86-4661-b7b8-b6fec30646f8' wallAtStart='wall-6ab5b391-d654-46d7-b6c5-9df7de2c49b1' xStart='357.5245' yStart='-102.84703' xEnd='357.5245' yEnd='-2.199535' height='243.84' thickness='7.62' pattern='hatchUp'>
    <texture attribute='leftSideTexture' name='little-stones-bathroom' width='121.92' height='121.92' image='14'/>
    <texture attribute='rightSideTexture' name='Beige pattern' creator='Scopia' width='45.0' height='45.0' image='127'/>
  </wall>
  <wall id='wall-2e195bfc-81e9-4a12-91b7-f213cc48b419' wallAtStart='wall-d760e13e-39ec-4ca7-8b8f-e58fd8310504' wallAtEnd='wall-084f8703-dbc2-4409-bc4a-714e1771c91c' xStart='0.65667486' yStart='-401.2433' xEnd='355.74667' yEnd='-401.2433' height='243.84' thickness='7.62' pattern='hatchUp'>
    <texture attribute='leftSideTexture' name='teal' width='121.92' height='75.00937' image='123'/>
    <texture attribute='rightSideTexture' name='Beige pattern' creator='Scopia' catalogId='eTeksScopia#beige_pattern' width='45.0' height='45.0' image='127'/>
  </wall>
  <wall id='wall-084f8703-dbc2-4409-bc4a-714e1771c91c' wallAtStart='wall-2e195bfc-81e9-4a12-91b7-f213cc48b419' wallAtEnd='wall-69b7cb85-c90c-4633-9ea8-1bb9f0feacee' xStart='355.74667' yStart='-401.2433' xEnd='658.51666' yEnd='-401.2433' height='243.84' thickness='7.62' pattern='hatchUp'>
    <texture attribute='leftSideTexture' name='teal' width='121.92' height='75.00937' image='123'/>
    <texture attribute='rightSideTexture' name='0010498_plumant-cream-faux-plaster-texture-wallpaper' width='243.84' height='243.4336' image='33'/>
  </wall>
  <room id='room-83d4ec65-e8ed-494b-8d18-93c7a5ffe359' areaVisible='true' ceilingVisible='false' ceilingFlat='true'>
    <texture attribute='floorTexture' name='old-grey-parquet' width='243.84' height='243.84' image='122'/>
    <point x='8.022095' y='-398.32217'/>
    <point x='665.8821' y='-398.32217'/>
    <point x='665.44836' y='-556.8733'/>
    <point x='1005.8082' y='-556.8777'/>
    <point x='1006.24207' y='-398.32217'/>
    <point x='1226.1798' y='-398.32217'/>
    <point x='1226.9205' y='-555.3889'/>
    <point x='1570.8451' y='-555.3889'/>
    <point x='1570.1222' y='-398.32217'/>
    <point x='1582.8221' y='-398.32217'/>
    <point x='1582.8221' y='-4.6221924'/>
    <point x='8.022095' y='-4.622055'/>
    <point x='8.022095' y='-398.32217'/>
  </room>
</home>